feature,importance
age_years,0.1169216662588158
education,0.049398074306609877
internet_frequency,0.04834196941956559
county,0.022352296960604923
livelihood,0.0195915443257755
can_access_internet,0.01579767005229189
financial_health,0.011700011428978562
children_in_household,0.007279490317610615
sex,0.006326304412388795
household_size,0.0024981791030599387
marital_status,0.0014458197619589663
